type,title,content1,content2,content3,content4,content5,dayId
anecdote,L’origine du calendrier de l’avent,"L'origine du calendrier de l'Avent remonte au 19e siècle en Allemagne, où les familles protestantes avaient l'habitude de marquer les jours précédant Noël. Chaque jour de décembre, elles traçaient des lignes à la craie sur les murs ou les portes, ou allumaient une bougie, et certaines offraient des images religieuses à leurs enfants pour patienter jusqu'à la veille de Noël.  

Le premier calendrier imprimé serait quant à lui apparu au début du 20e siècle, en 1908, créé par un Allemand nommé Gerhard Lang. Enfant, sa mère lui avait fabriqué un calendrier fait maison avec 24 petits biscuits. Inspiré par cette tradition familiale, il a produit un calendrier commercial avec de petites images derrière des fenêtres à ouvrir chaque jour.  

Plus tard, dans les années 1920, des versions avec des chocolats ou d'autres petites surprises à découvrir derrière les fenêtres ont fait leur apparition, ce qui est devenu le format classique que l'on connaît aujourd'hui.",,,,image,1
game,À quel film de Noël appartient cette réplique ?,"« Les amis sont comme des étoiles, tu ne les vois pas toujours, mais tu sais qu'ils sont là.&nbsp;»","La vie est belle,Love Actually,Le Pôle Express,Klaus",Klaus,h5gR4vUb2rA,quiz-citation,1
game,À quel film de Noël appartient cette réplique ?,« Je ne connais personne plus détestable que toi. Mais je t’offre mes voeux de Noël&nbsp;!&nbsp;»,"Gremlins,Les Cinq légendes,Le drôle de Noël de Scrooge,Le Grinch",Le drôle de Noël de Scrooge,PcNLFXSdO5A,quiz-citation,1
game,À quel film de Noël appartient cette réplique ?,"« Oh, Noël n'est pas qu'un jour, c'est un état d'esprit... et c'est ce qui a changé.&nbsp;»","Love Actually,Miracle sur la 34e rue,La vie est belle,Klaus",Miracle sur la 34e rue,g4XRYgiCr-w,quiz-citation,1
idea,Un cocon de douceur au coeur de l'hiver,[Mon hiver cosy](https://carofromwoodland.com/products/mon-hiver-cosy),"Retrouvez dans ""Mon hiver cosy"" tous les préparatifs et rituels de Noël et de l'hiver de Caro from Woodland.  

Imprégnez vous de la magie, de cette douce nostalgie et de cette impatience heureuse qui naissent en nous à cette période afin de passer un hiver enchanté.  

À lire ou à picorer dans votre fauteuil préféré auprès du feu, accompagné d'une boisson aux épices pour vous réchauffer !",Caroline Millet,hiver-cosy_wgipgn,Un livre,1
quote,,"L'enfance, c'est de croire qu'avec le sapin de Noël et trois flocons de neige, toute la Terre est changée.",André Laurendeau,Voyages au pays de l'enfance,,,1
anecdote,La légende du Jólakötturinn,"Le Jólakötturinn est décrit comme un gigantesque chat noir qui rôde à travers les campagnes islandaises pendant la période de Noël. Selon la légende, il dévore ceux qui n’ont pas reçu de nouveaux vêtements avant le réveillon de Noël.  

L'origine de cette légende semble être une manière de motiver les paysans islandais à travailler dur, en particulier pour produire la laine, un matériau crucial en Islande. Ceux qui travaillaient bien recevaient des vêtements en laine comme récompense avant Noël, tandis que ceux qui n'avaient rien fait risquaient d'être pris par le Jólakötturinn.  

Le Jólakötturinn est souvent lié à Grýla, une ogresse malveillante qui vit dans les montagnes avec ses treize fils, les Jólasveinar (lutins de Noël), et son mari paresseux. Grýla, comme le Jólakötturinn, a également un penchant pour dévorer les enfants qui ne se comportent pas bien. Ensemble, ces créatures fantastiques créaient un climat de crainte et d’obéissance pour les enfants et les adultes durant les fêtes.",,,,image,2
game,Le pendu de Noël,"Lutins,Neige,Traineau",,,,pendu,2
idea,Cidre chaud épicé,"Versez le cidre de pomme dans une grande casserole et chauffez à feu doux.  

Ajoutez les rondelles d’orange, les bâtons de cannelle, les clous de girofle et l’étoile de badiane.  

Laissez mijoter doucement pendant 15 à 20 minutes pour infuser les épices (ne pas faire bouillir).  

Filtrez et servez chaud. Ajoutez du miel ou du sucre si vous souhaitez une boisson plus sucrée.","- 1 litre de cidre de pomme (non alcoolisé ou alcoolisé, selon votre préférence)
- 1 orange (coupée en rondelles)
- 2 bâtons de cannelle
- 4 clous de girofle
- 1 étoile de badiane
- 1 c. à s. de miel ou de sucre (facultatif)",cidre_chaud_ejgotx,Photo de Svitlana sur Unsplash,Une recette,2
quote,,"Noël agite une baguette magique sur ce monde et voici, tout est plus doux et plus beau.",Norman Vincent Peale,The Power of Positive Thinking,,,2
anecdote,L’origine du sapin de Noël,"Le sapin de Noël trouve son origine dans les anciennes traditions païennes des peuples germaniques et celtiques, qui décoraient des arbres pour célébrer la vie au moment du solstice d'hiver. Le sapin est un arbre persistant, symbolisant l'éternité et la renaissance.  

Cette tradition a été christianisée au 16e siècle en Allemagne, où les familles ornaient les sapins de pommes, symbolisant l'arbre du jardin d'Éden.  

Le sapin de Noël s'est répandu en Europe grâce à des figures comme la reine Victoria, et est devenu un symbole central des festivités de Noël, décoré de lumières, d'ornements et de guirlandes.",,,,image,3
game,Êtes-vous incollable sur Noël ?,Lequel des Rois mages apporte l’encens?,"Gaspard,Melchior,Balthazar",Gaspard,"Selon la tradition chrétienne, les Rois mages, qui viennent d’Orient pour rendre hommage à l’enfant Jésus, apportent chacun des présents symboliques :  
- Gaspard est souvent associé à l'encens
- Melchior à l'or
- et Balthazar à la myrrhe",quiz-noel,3
game,Êtes-vous incollable sur Noël ?,A quand remonte la tradition des santons de Provence ?,"Au 17e siècle,Au 18e siècle,Au 19e siècle,Au 20e siècle",Au 18e siècle,"À la fin du 18e siècle, un Marseillais, Jean-Louis Lagnel, crée les santons de Provence, pour représenter le ""petit peuple"" du Midi dans ses habits traditionnels.",quiz-noel,3
game,Êtes-vous incollable sur Noël ?,"Quelle plante est surnommée ""étoile de Noël"" ?","Le houx,Le poinsettia,Le gui,L'amaryllis",Le poinsettia,"La plante connue sous le nom d'""étoile de Noël"" est le poinsettia, une plante d'origine mexicaine qui fleurit pendant la saison des fêtes. Ses bractées rouges en forme d'étoile symbolisent Noël dans de nombreuses cultures.",quiz-noel,3
idea,Une romance festive où les contraires s'attirent,Christmas flow,"Dans cette série française, un rappeur célèbre, Marcus, connu pour ses paroles controversées, rencontre Lila, une journaliste féministe passionnée.  

Leur rencontre improbable pendant la période de Noël les pousse à remettre en question leurs différences.  

Alors que l'amour commence à naître, ils doivent composer avec leurs divergences sociales et idéologiques dans cette comédie romantique qui explore les préjugés et les oppositions.",Netflix,j60c_YoO88M,Une série,3
quote,,"Sans les cadeaux, Noël ne serait pas Noël.",Louisa May Alcott,Les Filles du docteur March,,,3
anecdote,Les toiles d’araignées porte-bonheur en Ukraine,"Vous sentiriez-vous chanceux⸱se si vous trouviez une toile d’araignée sur votre arbre de Noël ? Probablement pas. Pourtant les Ukrainien⸱ne⸱s associent les toiles d’araignée aux heureux présages.  

Cette légende est en fait tirée d’un conte populaire, dans lequel une famille pauvre faisait pousser un arbre de Noël à partir d’une pomme de pin. Les enfants étaient enthousiastes à l’idée de le décorer, mais la famille n’avait pas les moyens d’acheter des décorations. Sentant le désespoir de la famille, les araignées ont tissé des toiles de soie scintillantes autour de l’arbre, qui se sont transformées en argent et en or lorsque le soleil s’est levé le matin, laissant la famille avec un arbre magnifiquement décoré.  

Aujourd’hui encore, les familles ukrainiennes décorent leurs arbres de toiles d’araignée pour leur porter chance.",,,,image,4
game,Une énigme,"Dans la nuit du 24 au 25 décembre, le père Noël est capturé par des bandits et devient prisonnier.  

Ils lui donnent le choix de son supplice :  
- Être privé de nourriture pendant un mois
- Être immédiatement dévoré par un ours brun
- Se faire lécher les pieds par les rennes pendant 12 heures
- Être attaché à un sapin de Noël enflammé  

Quel choix doit-il faire pour s’en sortir et continuer sa tournée de Noël ?",,Se faire dévorer par un ours brun,"Durant l’hiver, l’ours brun est en hibernation. Pendant cette période, il ne mange pas. Le Père Noël sera donc sain et sauf et pourra poursuivre sa distribution de cadeaux.",jeu,4
idea,Un road-trip glacé vers la survie,[Vongozero](https://www.babelio.com/livres/Vagner-Vongozero/639034),"Anna vit avec son mari Sergueï et leur fils Micha dans une belle maison isolée près de Moscou alors qu'un virus inconnu a commencé à décimer la population. Dans Moscou en quarantaine, la plupart des habitants sont morts et les survivants – porteurs de la maladie ou pillards – risquent de déferler sur les alentours.  

Anna et les siens décident de s’enfuir vers le nord, pour atteindre un refuge de chasse sur un lac à la frontière finlandaise : Vongozero. Bientôt vont s’agréger à leur petit groupe des voisins, un couple d’amis, l’ex-femme de Sergueï, un médecin…  

Le voyage sera long, le froid glacial, chaque village traversé source d’angoisse, l’approvisionnement en carburant une préoccupation constante.",Yana Vagner,vongozero_ibbbpg,Un livre,4
quote,,"On dit que la jeunesse ne croit plus à rien. Quelle tristesse...  
Et si un jour le Père Noël ne croyait plus aux enfants !",Pierre Doris,,,,4
anecdote,La légende de la Nisse,"La Nisse est une créature du folklore scandinave, souvent associée à Noël. Elle est décrite comme un petit être domestique, généralement masculin, ressemblant à un vieil homme de petite taille, portant un bonnet rouge.  

La Nisse est connue pour veiller sur les fermes et les foyers, protégeant les animaux et aidant dans les tâches quotidiennes, à condition d'être bien traitée. En échange, elle attend des offrandes, comme un bol de porridge au beurre, surtout pendant la période de Noël.  

Dans certaines traditions, si elle se sent négligée ou insultée, la Nisse peut devenir espiègle ou causer des ennuis.  

Parfois considérée comme une figure bienveillante, mais aussi imprévisible, elle fait partie des légendes nordiques célébrées durant les fêtes de fin d'année, semblable à un esprit gardien.",,,,image,5
game,À quel film de Noël appartient cette réplique ?,« Les p’tits chanteurs de Noël ... Je déteste les p’tits chanteurs de Noël&nbsp;! Toutes ses voix de faussets qui ne sont que de la graine de drogués&nbsp;!&nbsp;»,"Gremlins,Le père Noël est une ordure,Klaus,Le Grinch",Gremlins,QJwYQt8dHi4,quiz-citation,5
game,À quel film de Noël appartient cette réplique ?,"- Joyeux Noël.
- Joyeuses Pâques.
- Et n'oubliez pas de vous brossez les dents.","Les Cinq légendes,Maman j'ai raté l'avion !,Gremlins,Le Grinch",Les Cinq légendes,fVlx5D3x_5o,quiz-citation,5
game,À quel film de Noël appartient cette réplique ?,« Je vais lui péter la figure avec un fer&nbsp;!&nbsp;»,"Maman j'ai raté l'avion !,Gremlins,Violent Night,Le Grinch",Maman j'ai raté l'avion !,GPtHAQARLdw,quiz-citation,5
idea,Crinkles cookies,"Battez le sucre en poudre, le sucre vanillé et les oeufs.  

Incorporez le chocolat et le beurre fondus.  

Ajoutez la farine, la levure et le sel.  

Formez des boules de pâte puis roulez-les dans un bol de sucre glace ou de noix de coco rappée.  

Placez-les sur une plaque recouverte de papier sulfurisé puis enfournez à 180° pendant 12 minutes.","- 80 g de sucre en poudre
- 1 sachet de sucre vanillé
- 2 oeufs
- 200 g de chocolat pâtissier
- 50 g de beurre
- 190 g de farine
- 1/2 c. à c. de levure chimique
- 1 pincée de sel",crinkles_cookies_rcjcuo,Photo de [Camille Paralisan](https://unsplash.com/fr/@30mshooter?utm_content=creditCopyText&utm_medium=referral&utm_source=unsplash),Une recette,5
quote,,Le meilleur de tous les cadeaux autour de n'importe quel sapin de Noël : la présence d'une famille heureuse tous enveloppés l'un dans l'autre.,Burton Hillis,,,,5
anecdote,La fête de Saint-Nicolas,"La fête de Saint-Nicolas, célébrée le 6 décembre, est une tradition ancienne qui trouve son origine dans l’histoire de Saint Nicolas de Myre, un évêque du IVe siècle connu pour sa générosité et sa bienveillance envers les enfants et les pauvres.  

La fête de Saint-Nicolas est encore largement célébrée dans plusieurs pays d’Europe, notamment aux Pays-Bas, en Belgique, en Allemagne, en France (notamment en Alsace et en Lorraine) et dans certaines parties de l’Europe de l’Est.  

Saint Nicolas est souvent accompagné du Père Fouettard (ou ""Krampus"" dans les régions alpines), une figure qui punit les enfants désobéissants, tandis que Saint Nicolas récompense les enfants sages avec des friandises, des fruits ou des cadeaux.",,,,image,6
game,Le pendu de Noël,"Sapin,Flocons,Cadeaux",,,,pendu,6
idea,Envie de pimenter vos Secret Santa ?,,"La saison des calendriers de l’avent est ouverte, et avec elle, celle des Secret Santa !  

Depuis quelques années, pour rendre le jeu plus challengeant, nous avons ajouté une nouvelle règle avec mes amis…  

Le principe : établir une liste de thèmes (un thème par personne participante), piocher chacun·e un thème puis offrir un cadeau qui respecte ce thème !  

Exemples de thèmes :
- Un cadeau d’une couleur particulière
- Un cadeau fait main
- Un cadeau  qui se mange / qui se boit
- Un cadeau qui brille
- Un cadeau avec un sapin
- Un cadeau à utiliser seulement l'hiver
- Un cadeau à mettre sur le sapin
- Un cadeau qui sent bon  


Pour aller plus loin, on peut relever le défi d'offrir un cadeau qui combine plusieurs thèmes à la fois (par exemple : un cadeau rouge, qui sent bon et qui se met sur le sapin).  

Celui ou celle qui réussit à en réunir le plus remporte la place du·de la meilleur·e Secret Santa !",,,Une idée,6
quote,,J'ai compris que le Père Noël n'existait pas quand j'avais 5 ans. Je suis entrée dans un grand magasin et il m'a demandé un autographe.,Shirley Temple,,,,6
anecdote,L’origine des biscuits de Noël,"Les biscuits de Noël sont une tradition gourmande qui remonte au Moyen Âge en Europe, en particulier dans les régions germanophones.  

Les Lebkuchen allemands, par exemple, sont des biscuits au miel et aux épices qui trouvent leurs origines dans la cuisine médiévale. Ces biscuits, faits à base de farine, d’épices comme la cannelle, le clou de girofle et le gingembre, étaient souvent cuits pour des célébrations religieuses, car les épices étaient alors un luxe rare, associées aux grandes occasions.  

En Scandinavie, les pepparkakor (biscuits au gingembre) et en Belgique, les speculoos sont également des biscuits traditionnels de Noël. Ces derniers sont souvent moulés en forme de figures, comme Saint Nicolas ou d’autres symboles festifs.  

Aux États-Unis, la tradition des biscuits de Noël décorés est fortement influencée par les immigrants européens, en particulier allemands et néerlandais, qui ont apporté leurs recettes avec eux.",,,,image,7
game,Êtes-vous incollable sur Noël ?,Combien de rennes a le Père Noël ?,"7,8,9,10",8,"En décembre 1823, un poème publié anonymement, ""A Visit from St. Nicholas"", également connu sous le nom de ""The Night Before Christmas"" décrit un vieil homme conduisant un petit traineau tiré par huit petits rennes à qui il donne chacun un nom. 

En voici un extrait :  

« Je n'en crus pas mes yeux quand apparut au loin,  
Un traîneau et huit rennes pas plus gros que le poing,  
Dirigés par un petit personnage enjoué :  
C'était le Père Noël je le savais.  
Ses coursiers volaient comme s'ils avaient des ailes.  
Et lui chantait, afin de les encourager :  
« Allez Tornade ! Allez Danseur ! Allez, Furie et Fringuant !  
En avant Comète et Cupidon ! Allez Éclair et Tonnerre ! »",quiz-noel,7
game,Êtes-vous incollable sur Noël ?,Quel pays a interdit Noël durant plusieurs années au 17e siècle ?,"France,Espagne,Angleterre,Italie",Angleterre,"Sous le règne de Cromwell, Noël a été interdit en Angleterre dans les années 1640 à 1650, car les Puritains considéraient les festivités comme trop païennes. Cette interdiction a été levée après la restauration de la monarchie.",quiz-noel,7
game,Êtes-vous incollable sur Noël ?,Quels sont les ingrédients d'un lait de poule ?,"Lait - oeufs - café - miel,Crème - bananes - oeufs - cannelle,Lait - oeufs - sucre - muscade - alcool,Lait - yaourt - vanille - sucre",Lait - oeufs - sucre - muscade - alcool,"Le lait de poule est une boisson traditionnelle de Noël, généralement à base de lait, de crème, d'oeufs, de sucre, de muscade et souvent d'alcool comme le rhum ou le bourbon.",quiz-noel,7
idea,Une série drôle et touchante pour celles et ceux qui ont du mal à aimer les fêtes,Je déteste Noël,"Gianna, une infirmière italienne trentenaire, se sent acculée lorsqu'elle réalise qu'elle est la seule de son entourage à être célibataire pendant la période de Noël. Pour éviter les remarques désobligeantes de sa famille, elle décide de trouver un compagnon en seulement quelques jours avant le dîner de Noël...",Netflix,CI6HuDZ4RHU,Une série,7
quote,,"Noël n'est pas un jour ni une saison, c'est un état d'esprit.",John Calvin Coolidge,,,,7
anecdote,Le Caga Tió,"Le Caga Tió (aussi appelé ""Tió de Nadal"" en catalan) est une tradition de Noël très populaire en Catalogne, en Espagne, et dans certaines régions des Pyrénées. C'est une bûche de bois décorée avec un visage souriant, un petit chapeau rouge (similaire au bonnet de Père Noël) et souvent recouverte d'une couverture pour la garder ""au chaud"".  

La tradition commence début décembre, généralement autour de la fête de l'Immaculée Conception (8 décembre). Les enfants ""nourrissent"" le Caga Tió chaque soir en lui offrant des fruits, des bonbons et d'autres petites douceurs, comme s'ils prenaient soin de lui.  

Le 24 ou le 25 décembre, la fête atteint son apogée. Les enfants frappent la bûche avec des bâtons tout en chantant une chanson traditionnelle, encourageant le Caga Tió à ""cagar"" (littéralement ""déféquer"") des cadeaux et des friandises cachés sous la couverture. En frappant la bûche, ils espèrent voir apparaître des bonbons, des fruits secs et parfois de petits jouets. La tradition se termine souvent par la ""découverte"" d'un gros cadeau sous la bûche.",,,,image,8
game,Une énigme,"Lorsque l’hiver arrive, je n’ai presque plus de feuilles.  

Pourtant, je ne suis pas un arbre.  

Qui suis-je ?",Un calendrier,,(éphéméride),jeu,8
idea,Chocolat blanc chaud à la noix de coco,"Dans une casserole, faites chauffer à feu moyen le lait de coco et le lait. Remuez régulièrement pour éviter que ça accroche.  

Lorsque le mélange commence à frémir (ne pas laisser bouillir), ajoutez le chocolat blanc cassé en morceaux. Remuez jusqu'à ce qu'il soit complètement fondu et que le mélange soit bien lisse.  

Ajoutez la cuillère de noix de coco râpée et le sucre de coco, puis mélangez bien. Goûtez et ajustez la quantité de sucre selon vos préférences.  

Versez le chocolat chaud dans une tasse. Pour une touche gourmande, ajoutez de la crème chantilly sur le dessus.  

Saupoudrez de copeaux de chocolat blanc ou de noix de coco râpée pour la décoration.  

Astuce : vous pouvez aussi ajouter une pincée de cannelle ou un peu de vanille pour un parfum encore plus exotique !","- 200 ml de lait de coco
- 50 ml de lait végétal
- 50 g de chocolat blanc
- 1 cuillère à café de sucre de coco (optionnel, selon votre goût)
- 1 cuillère à café de noix de coco râpée (et un peu plus pour la décoration)
- Crème chantilly (facultatif)
- Copeaux de chocolat blanc ou éclats de noix de coco (pour la décoration)",choco-bland-chaud_hcvjep,Photo de [Sam Lion](https://www.pexels.com/fr-fr/photo/personne-tenant-une-tasse-en-ceramique-blanche-avec-creme-blanche-6001479/),Une recette,8
quote,,Celui qui n’a pas Noël dans le coeur ne le trouvera jamais au pied d’un arbre.,Roy Lemon Smith,,,,8
anecdote,Les lumières de Noël,"Les lumières de Noël sont un élément central des décorations de la saison. Leur usage remonte à une ancienne tradition allemande au 17e siècle, où l’on plaçait des bougies sur les branches du sapin de Noël pour symboliser la lumière apportée par la naissance de Jésus. Ces bougies représentaient aussi les étoiles dans le ciel de la nuit sainte.  

Avec l'invention de l'électricité, les guirlandes électriques ont été créées, rendant la tradition plus sûre et plus accessible à tous.  

En 1882, Edward Johnson, un associé de Thomas Edison, a été le premier à créer des guirlandes électriques pour un arbre de Noël, avec des ampoules rouges, blanches et bleues.",,,,image,9
game,À quel film de Noël appartient cette réplique ?,« La magie de Noël est celle que tu crées avec tes propres mains.&nbsp;»,"Miracle sur la 34e rue,Le Pôle Express,Klaus,La vie est belle",Klaus,h5gR4vUb2rA,quiz-citation,9
game,À quel film de Noël appartient cette réplique ?,« Les meilleures choses arrivent lorsque vous vous y attendez le moins.&nbsp;»,"The Holidays,Love Actually,Maman j'ai raté l'avion !,La vie est belle",The Holidays,wk9caHO3pW0,quiz-citation,9
game,À quel film de Noël appartient cette réplique ?,"« Papa Noël va dévorer ces gugusses, comme une assiette de sablés.&nbsp;»","Maman j'ai raté l'avion !,Violent Night,Gremlins,Le Grinch",Violent Night,V8zP27MbIek,quiz-citation,9
idea,Un roman pour savourer chaque page,[Noël à la petite boulangerie](https://www.babelio.com/livres/Colgan-Nol-a-la-petite-boulangerie/994347),"À l'approche des fêtes de fin d'année, la petite boulangerie de Polly l'occupe du matin au soir, au désespoir d'Huckle, son compagnon, qui rêve de profiter d'un Noël en amoureux, bien au chaud dans leur grand phare, avec leur petit macareux Neil.  

Mais quand Kerensa débarque à Mount Polbearne pour dévoiler à sa meilleure amie un terrible secret sur son passé, Polly voit soudain son avenir s'assombrir. Polly est-elle prête à affronter son passé ? Réussira-t-elle à remettre sa vie sur de bons rails pour passer un joyeux Noël auprès de ceux qu'elle aime ?",Jenny Colgan,noel-boulangerie_rjqbtr,Un livre,9
quote,,"Pour préparer un arbre de Noël, il faut trois choses, outre les ornements et l’arbre, la foi dans les beaux jours à venir.",ZahradDe Zahrad,Un Arbre de Noël,,,9
anecdote,Rudolph le renne au nez rouge,"Rudolph a été créé en 1939 par Robert L. May, un rédacteur pour la chaîne de magasins Montgomery Ward. À l'époque, la société voulait offrir un livre de Noël aux enfants de ses clients et a demandé à Robert May de créer une histoire originale. C’est ainsi qu’est né Rudolph, le petit renne au nez rouge. Le livre a été distribué à environ 2,4 millions d'exemplaires en cette première année.  

L'histoire raconte comment Rudolph, dont le nez rouge luisant le faisait moquer par les autres rennes, a guidé le traîneau du Père Noël lors d'une nuit brumeuse, devenant ainsi un héros.  

Ce conte est devenu mondialement célèbre grâce à la chanson de 1949, popularisée par Gene Autry, et fait désormais partie intégrante du folklore de Noël.",,,,image,10
game,Le pendu de Noël,"Etoile,Guirlande,Rennes",,,,pendu,10
idea,Infusion de gingembre,"Vous êtes fatigué⸱e ? Buvez ça, allez au lit, ça ira mieux demain !  

Mélangez tous les ingrédients dans l’eau bouillante et faites infuser le gingembre entre 5 et 10 minutes.  

Buvez-le bien chaud et allez vous coucher.","- 200 ml d’eau bouillante
- 2 c. à s. de vinaigre de cidre
- 1 c. à s. de miel
- Le jus d’un demi citron
- 3 tranches de gingembre frais",infusion_gingembre_h9c9sx,,Une recette,10
quote,,"Tout ce que je veux pour Noël, c'est un autre film avec Audrey Hepburn !",Cary Grant,,,,10
anecdote,L’amour du livre en Islande,"""Jólabókaflóð"" (""inondation de livres de Noël"") est une coutume très ancrée en Islande qui veut que chaque personne reçoive au moins un livre sous son sapin à Noël. Les Islandais passent souvent la soirée du 24 décembre à lire, blottis dans un fauteuil ou au lit, tout en dégustant du chocolat chaud.  

Jólabókaflóð prend ses racines pendant la Seconde Guerre mondiale, lorsque les importations de nombreux biens étaient restreintes, alors que le papier n'était pas rationné. Cela a encouragé la production et l'échange de livres comme cadeaux de Noël.  

L'Islande, avec une population d'environ 370 000 habitants, est l'un des pays où le ratio de livres publiés par habitant est le plus élevé au monde. Environ 1 Islandais sur 10 a déjà publié un livre au cours de sa vie !  

Chaque année, en novembre, Bókatíðindi, un catalogue recensant tous les nouveaux livres publiés en Islande, est envoyé gratuitement à chaque foyer du pays, permettant aux familles de choisir leurs cadeaux littéraires pour Noël.  ",,,,image,11
game,Une blague,Comment faire entrer deux Pères Noël dans un frigo ?,,"C’est impossible, il n’existe qu’un seul Père Noël !",,jeu,11
idea,De la musique pour se mettre dans l'ambiance,La playlist de Noël de [Caro from Woodland](https://carofromwoodland.com/blogs/univers/ma-playlist-de-noel-et-mon-top-10-de-mes-chansons-preferees),"« On y trouve à la fois des grands classiques indémodables (Frank Sinatra, Tino Rossi...) mais également des reprises plus modernes de ces titres (Mariah Carey, Michael Bublé,...), des musiques de films que j'associe à Noël (Maman j'ai raté l'avion, Harry Potter, la parade de Noël de Disneyland Paris,...) ou encore des morceaux chantés par des chorales et choeurs d'églises. »",,https://sdz.sh/sAHVHz,Une playlist,11
quote,,"Quand on mange au chaud le gâteau (de Noël), on mange les oeufs (de Pâques) derrière le fourneau.",Dicton français,,,,11
anecdote,Les 12 jours de Noël,"Les 12 jours de Noël (ou Twelve Days of Christmas) représentent la période entre le 25 décembre (jour de Noël) et le 6 janvier (jour de l’Épiphanie). Cette période marque la fin des festivités de Noël et le début de la célébration de l’Épiphanie, moment où les Rois Mages arrivent à Bethléem pour rendre hommage à l’enfant Jésus.  

Historiquement, ces 12 jours étaient remplis de festivités, de danses et de jeux dans plusieurs cultures européennes. Chaque jour pouvait être associé à des célébrations ou des repas spécifiques. Le douzième jour, appelé la Fête des Rois, est particulièrement important dans des pays comme l’Espagne et la France, où l’on mange traditionnellement la galette des rois pour fêter la venue des Rois Mages.  

La célèbre chanson ""The Twelve Days of Christmas"", écrite au 18e siècle, fait référence à cette période. Chaque jour, un cadeau est offert par un mystérieux ""true love"". Les cadeaux mentionnés dans la chanson sont souvent interprétés comme ayant des significations symboliques religieuses, bien que leur origine exacte reste floue.  

Par exemple, les ""partridge in a pear tree"" (perdrix dans un poirier) symboliseraient Jésus, tandis que les ""five golden rings"" (cinq anneaux dorés) rappelleraient l’Ancien Testament.",,1UHmQANFtNs,,image,12
game,Êtes-vous incollable sur Noël ?,Quelle chanson de Noël a été numéro 1 au Royaume-Uni en 1984 ?,"Do They Know It's Christmas?,Last Christmas,Merry Christmas Everyone,Jingle Bell Rock",Do They Know It's Christmas?,,quiz-noel,12
game,Êtes-vous incollable sur Noël ?,"Dans ""Maman, j’ai raté l’avion !"", comment s’appellent les cambrioleurs?","Kevin et Frank,Harry et Marvin,Kevin et Harry,Frank et Marvin",Harry et Marvin,"Dans le film “Maman, j’ai raté l’avion”, les cambrioleurs qui essaient de cambrioler la maison de Kevin McCallister sont Harry Lyme (interprété par Joe Pesci) et Marvin Murchins (interprété par Daniel Stern). Ils sont souvent appelés ""les Wet Bandits"".",quiz-noel,12
game,Êtes-vous incollable sur Noël ?,Quel chanteur a rendu célèbre la chanson “Petit papa Noël” ?,"Tino Rossi,Yves Montand,Charles Trenet,Jacques Brel",Tino Rossi,"Vendu à plus de 30 millions d'exemplaires depuis sa sortie en 1946, Petit papa Noël est devenu un hymne du réveillon immortalisé par Tino Rossi.",quiz-noel,12
idea,Un polar pour frissonner dans les montagnes enneigées,[Six fourmis blanches](https://www.babelio.com/livres/Collette-Six-fourmis-blanches/676968),"Le mal rôde depuis toujours dans ces montagnes maudites. Parviendront-ils à lui échapper ?  

Dressé sur un sommet aride et glacé, un homme à la haute stature s’apprête pour la cérémonie du sacrifice. Très loin au-dessous de lui, le village entier retient son souffle en le contemplant.  

À des kilomètres de là, partie pour trois jours de trek intense, Lou contemple les silhouettes qui marchent devant elle, ployées par l’effort. Leur cordée a l’air si fragile dans ce paysage vertigineux. On dirait six fourmis blanches…  

Lou l’ignore encore, mais dès demain ils ne seront plus que cinq.",Sandrine Collette,six-fourmis-blanche_wscgtn,Un livre,12
quote,,"Vous connaissez la différence entre Dieu et le père Noël ?  
Et bien c'est que le père Noël c'est vrai !",Coluche,,,,12
anecdote,Le cornichon de Noël,"Le ""Christmas Pickle"" est une tradition insolite, principalement observée aux États-Unis, mais dont l'origine reste un peu mystérieuse.  

Elle consiste à cacher une petite décoration en forme de cornichon, souvent en verre, dans les branches du sapin de Noël. Le matin de Noël, les enfants (ou les membres de la famille) doivent chercher cet ""ornement cornichon"". La personne qui le trouve en premier reçoit soit un petit cadeau supplémentaire, soit la promesse de bonne chance pour l'année à venir.  

Bien que cette coutume soit généralement attribuée à l'Allemagne, il semble qu'elle ne soit en réalité pas couramment pratiquée dans ce pays. Certains suggèrent qu'il pourrait s'agir d'une invention marketing datant du 19e siècle, destinée à promouvoir les ornements en verre soufflé fabriqués en Allemagne et vendus aux États-Unis.  

Malgré l'incertitude autour de son origine, le Christmas Pickle est devenu une tradition amusante pour de nombreuses familles américaines, ajoutant une petite touche de mystère à la matinée de Noël.",,,,image,13
game,À quel film de Noël appartient cette réplique ?,« Je vais voler Noël&nbsp;!&nbsp;»,"L’Étrange Noël de Mr Jack,Le Grinch,Les Cinq légendes,The Holidays",Le Grinch,uSmnMc8zawg,quiz-citation,13
game,À quel film de Noël appartient cette réplique ?,"- Joyeux Noël quand même&nbsp;!  
- Y'a pas d'mal.&nbsp;»","Le père Noël est une ordure,Gremlins,The Holidays,Le Grinch",Le père Noël est une ordure,cm8Bk3TbSnQ,quiz-citation,13
game,À quel film de Noël appartient cette réplique ?,"« On dit qu’à une certaine heure de la nuit, vous pouvez entendre le son de la cloche du traîneau, mais seulement si vous croyez vraiment.&nbsp;»","Klaus,Le Pôle Express,La vie est belle,Le drôle de Noël de Scrooge",Le Pôle Express,XEcge1O-YYw,quiz-citation,13
idea,Lait de poule,"Dans un bol, fouettez les jaunes d'oeufs avec le sucre jusqu'à ce que le mélange devienne pâle et mousseux.  

Chauffez le lait à feu doux dans une casserole avec l'extrait de vanille.  

Versez le lait chaud sur les jaunes d'oeufs en fouettant constamment.  

Remettez le mélange dans la casserole et faites chauffer à feu doux jusqu'à ce qu'il épaississe légèrement (ne pas faire bouillir).  

Incorporez la crème et la muscade. Ajoutez le rhum ou le whisky si désiré.  

Servez tiède avec une pincée de muscade sur le dessus.","- 500 ml de lait
- 3 jaunes d'oeufs
- 50 g de sucre
- 1 c. à c. d'extrait de vanille
- 1/2 c. à c. de muscade râpée
- 100 ml de crème liquide
- 30 ml de rhum ou de whisky (facultatif)",lait_poule_hbbbek,Photo de [Misunderstood Whiskey](https://unsplash.com/fr/@misunderstoodwhiskey?utm_content=creditCopyText&utm_medium=referral&utm_source=unsplash),Une recette,13
quote,,A Noël je n'ai pas plus envie de rose que je ne voudrais de neige au printemps. J'aime chaque saison pour ce qu’elle apporte.,William Shakespeare,Peines d’amour perdues,,,13
anecdote,L’origine des chants de Noël,"Les chants de Noël, aussi appelés ""carols"", ont des racines dans des chants païens célébrant le solstice d'hiver.  

Au Moyen Âge, ces chants ont été adoptés par les chrétiens pour célébrer la naissance du Christ. Le chant ""Adeste Fideles"" (O Come, All Ye Faithful), par exemple, est l'un des plus anciens, remontant au XVIIIe siècle.  

Au fil du temps, les carols ont évolué, mêlant chants religieux et festifs, et sont devenus une tradition commune durant les fêtes de Noël, souvent chantés par des chorales ou lors de rassemblements familiaux.",,okyzEnO7g3c,EyrqmLfh-Qs,image,14
game,Le pendu de Noël,"Buche,Hotte,Creche",,,,pendu,14
idea,Envie de pimenter vos Secret Santa ?,,"En Suède, il existe une tradition de Noël appelée ""klappjakt"" (""chasse au cadeau"").  

Chaque cadeau offert est souvent accompagné d'un poème, d'une devinette ou d'un indice sur l'identité de la personne qui offre le cadeau pour aider le·la destinataire à deviner qui a choisi le cadeau.  

Lors de la célébration, les cadeaux sont ouverts un par un. La personne qui reçoit le cadeau lit le mot laissé sur le cadeau et essaie de deviner son auteur·ice avant de l'ouvrir.  

Cette tradition rend l'échange de cadeaux plus ludique tout en ajoutant une touche personnelle à chaque cadeau !",,,Une idée,14
quote,,"Ne pourrait-on pas fixer la Saint-Sylvestre au 15 août, afin que le père Noël évolue enfin dans des cheminées éteintes ?",Philippe Bouvard,Les Pensées,,,14
anecdote,"En Islande, prenez garde aux lutins","Le Noël Islandais, ""Yule"" ou ""Jól"", a sa propre tradition et la vedette n’est pas le Père Noël mais plutôt 13 lutins farceurs, descendants de trolls des montagnes : les ""Yule lads"".  

Chaque année entre le 12 et le 24 décembre, soit un par jour, ces plaisantins descendent des montagnes pour apporter des cadeaux mais surtout semer la pagaille. Ils sont chargés de remplir les chaussettes ou chaussures (posées sur les bords de fenêtres) de friandises aux enfants les plus sages ou d’une patate pour les enfants moins gentils.  

Chacun d’eux est reconnu pour son vilain tour qu’il aime jouer : il y a le voleur de pâtisseries, le voleur de bougies, le bruyant lutin qui empêche les enfants de dormir…  

Pour clôturer les fêtes, les lutins farceurs repartent l’un après l’autre jusqu’au 6 janvier.",,,,image,15
game,Êtes-vous incollable sur Noël ?,Combien de desserts sont servis à Noël en Provence ?,"9,11,13,15",13,"La tradition des treize desserts comprend les mets suivants :  
- fougasse à l'huile et à la fleur d'oranger
- nougat blanc et nougat noir
- les ""quatre mendiants"" : figues sèches, raisins secs, amandes, et noisettes
- des noix
- des dattes
- des pruneaux
- des mandarines
- des poires
- des pommes",quiz-noel,15
game,Êtes-vous incollable sur Noël ?,Combien de pulls de Noël sont vendus chaque année au Royaume-Uni ?,"2 millions,5 millions,7 millions,12 millions",12 millions,"Les pulls de Noël, souvent kitsch et humoristiques, sont devenus une tradition au Royaume-Uni. Environ 12 millions de pulls sont vendus chaque année, reflétant l'engouement croissant pour ces vêtements festifs pendant la période des fêtes.",quiz-noel,15
game,Êtes-vous incollable sur Noël ?,Qui a rédigé la toute première réponse du père Noël du secrétariat officiel du père Noël de LaPoste en 1962 ?,"Casimir,Marie Laforêt,Tino Rossi,Françoise Dolto",Françoise Dolto,"À partir du moment où le nom du père Noël est mentionné sur l’enveloppe, le courrier arrivera à bon port à Libourne, en Gironde, où se trouve le secrétariat officiel du père Noël. Tous les enfants qui écrivent obtiennent une réponse grâce à la mobilisation de bénévoles.",quiz-noel,15
idea,Un roman pour sourire et s'émouvoir,[La vie est belle et drôle à la fois](https://www.babelio.com/livres/Sabard-La-vie-est-belle-et-drole-a-la-fois/1086746),"Léna n'en revient pas. Comment sa mère, qui l'a convoquée pour passer Noël dans la maison de son enfance, a-t-elle pu disparaître en ne lui laissant que ce message sibyllin ?  

La voilà donc coincée dans le petit village de Vallenot au coeur des Alpes de Haute-Provence et condamnée à passer la fête qu'elle hait plus que tout, entourée de sa famille pour le moins… haute en couleur !  

Mais les fêtes de famille ont le don de faire rejaillir les secrets enfouis. Les douloureux, ceux qu'on voudrait oublier, mais aussi ceux qui permettent d'avancer…",Clarisse Sabard,vie-belle-drole_z5ivmx,Un livre,15
quote,,"Ce qui compte à Noël, ce n’est pas de décorer le sapin, c’est d’être tous réunis.",Kevin Bright,Friends,,,15
anecdote,L’origine des cartes de voeux,"En 1843, Henry Cole, un fonctionnaire britannique se trouvait submergé par les lettres de voeux à envoyer pendant la période des fêtes. Cherchant un moyen plus simple d'accomplir cette tâche, il a eu l'idée de créer une carte illustrée avec un message standardisé.

Cette première carte représentait une scène festive de famille, avec des gens autour d'une table en train de célébrer et le message ""A Merry Christmas and a Happy New Year to You"". La carte montrait également des actes de charité, comme l'aide aux pauvres, ce qui reflétait l'esprit de Noël à l'époque victorienne.  

La carte de Noël de Henry Cole était vendue pour un shilling (une somme assez élevée pour l’époque), mais elle a rencontré un succès immédiat parmi les classes aisées. À la fin du 19e siècle, grâce à la baisse des coûts d'impression et à la baisse des tarifs postaux, les cartes de Noël sont devenues accessibles à un plus grand nombre de personnes, et leur popularité a explosé, notamment en Grande-Bretagne.  

L'idée de la carte de Noël s'est ensuite répandue en Europe et aux États-Unis, où elle a rapidement été adoptée comme une tradition. Aux États-Unis, c'est l'imprimeur Louis Prang, un immigrant allemand, qui a popularisé les cartes de Noël vers la fin des années 1800. Il est souvent appelé le ""père de la carte de Noël américaine"".",,,,image,16
game,Le Bingo des téléfilms de Noël,,"Vous adorez les téléfilms de Noël avec leurs histoires prévisibles, mais réconfortantes, où l’esprit de Noël est toujours au rendez-vous ?  

Pour rendre hommage à cette passion dévorante et apprécier à leur juste valeur les clichés de ces films, j’ai créé le Bingo des téléfilms de Noël !  

Le principe est simple :
- Téléchargez la grille remplie de situations typiques que l’on retrouve dans presque tous les téléfilms de Noël.
- Installez-vous confortablement devant le téléfilm du jour (spoiler alert : les inédits passent chaque jour à 14h sur TF1 et M6…).
- À chaque fois qu’une des situations se produit (comme ""Un personnage revient dans sa ville natale"" ou ""Une tempête de neige empêche le personnage de rentrer""), cochez la case correspondante.


Évidemment, plus vous cochez de cases, plus le téléfilm a de chance d’atteindre le sommet du chef-d'oeuvre de Noël !",,https://www.canva.com/design/DAF1_-dc8LQ/OoZGyz2ncaAIbB9dNnTHhw/view?utm_content=DAF1_-dc8LQ&utm_campaign=designshare&utm_medium=link&utm_source=editor,Un jeu,16
idea,Biscuits sablés à la cannelle,"Mélangez le beurre, le miel et le sucre, puis incorporez l'oeuf.  

Tamisez la farine, la levure et la cannelle puis incorporez-les au reste de la prépation.  

Filmez et laissez reposer 30 minutes au réfrigérateur.  

Etalez la pâte sur votre plan de travail fariné puis découpez vos biscuits à l'emporte-pièce avant de les disposer sur une plaque recouverte de papier sulfurisé.  

Enfournez 9-10 minutes à 180°.","- 125 g de beurre mou
- 100 g de miel
- 80 g de sucre roux
- 1 oeuf
- 300G de farine
- 1 c. à c. de levure chimique",sables_r9t4td,Photo de [Konrad Koller](https://unsplash.com/fr/@onetdev?utm_content=creditCopyText&utm_medium=referral&utm_source=unsplash),Une recette,16
quote,,"J'avais mis mes souliers devant la cheminée, le père Noël m'a apporté des pieds.",Philippe Geluck,Le Chat,,,16
anecdote,Du patin à roulettes à la messe au Venezuela,"Pendant que les Australiens font du surf, les Vénézuéliens font du roller. Cette tradition de Noël, insolite, veut que toute la capitale de Caracas se rende à la messe de Noël en rollers le jour de Noël.  

En fait, les véhicules sont interdits dans de nombreux quartiers de la ville avant 8 heures du matin.  

Comme si ce mode de transport n’était pas assez étrange, la veille, les enfants attachent une extrémité d’une ficelle à leur gros orteil et suspendent l’autre extrémité à la fenêtre de leur chambre, de sorte que les patineurs à roulettes de passage puissent tirer amicalement sur la ficelle en se rendant à la messe le lendemain matin.",,,,image,17
game,À quel film de Noël appartient cette réplique ?,"« L’argent n’est pas tout, ce qui compte c’est d’être heureux.&nbsp;»","La vie est belle,Miracle sur la 34e rue,Love Actually,The Holidays",La vie est belle,cEsirWAIduQ,quiz-citation,17
game,À quel film de Noël appartient cette réplique ?,"« Au fond, c'est ce que Noël représente&nbsp;: la paix et l'amour.&nbsp;»","La vie est belle,Love Actually,The Holidays,Klaus",Love Actually,SrkOuyNsBnc,quiz-citation,17
game,À quel film de Noël appartient cette réplique ?,« Je suis seul&nbsp;! Je suis seul&nbsp;!&nbsp;»,"Maman j'ai raté l'avion !,Klaus,Violent Night,Le Grinch",Maman j'ai raté l'avion !,GPtHAQARLdw,quiz-citation,17
idea,Une comédie romantique pour attendre Noël en riant et en s'émouvant,Home for Christmas,"Johanne, trentenaire célibataire, en a assez des questions de sa famille sur sa vie amoureuse. Pour leur faire plaisir, elle ment et annonce qu'elle a un petit ami qu'elle présentera au dîner de Noël. Elle se donne alors 24 jours pour trouver quelqu’un à ramener chez elle.",Netflix,BRn8V9vnAD4,Une série,17
quote,,"Dès que l'adulte tue le mythe de l'existence du père Noël, il oublie le miracle du vrai partage qui existe dans le coeur de l'enfant.",Michel Bouthot,Chemins parsemés d'immortelles pensées,,,17
anecdote,L’origine de la bûche de Noël,"L'origine de la bûche de Noël remonte à une ancienne tradition païenne célébrée en Europe, bien avant que le dessert n’apparaisse. Dans cette coutume, une grosse bûche de bois était choisie et brûlée dans l’âtre pendant les festivités du solstice d'hiver pour symboliser le renouveau du soleil et la protection de la maison. Cette bûche devait se consumer lentement, souvent pendant douze jours, et les cendres étaient conservées comme porte-bonheur pour l'année suivante.  

Au 19e siècle, avec l'arrivée des poêles en métal qui ont remplacé les grandes cheminées, la tradition de brûler une vraie bûche a disparu. C'est alors qu'en France, des pâtissiers ont eu l'idée de créer une bûche pâtissière, un gâteau roulé en forme de bûche, souvent garni de crème au beurre et décoré de manière festive, pour perpétuer symboliquement cette tradition ancienne.",,,,image,18
game,Le pendu de Noël,"Reveillon,Voeux,Cheminee",,,,pendu,18
idea,,,,,,Une série,18
quote,,"Quelle est la différence entre un curé et un arbre de Noël ? Aucune : dans les deux cas, les boules, c'est pour décorer.",Les Nuls,"L'Info, c'est rigolo",,,18
anecdote,Le poinsettia,"Le poinsettia, aussi appelé ""étoile de Noël"", est une plante originaire du Mexique, où elle est liée à une légende locale : une petite fille trop pauvre pour offrir un cadeau à l’enfant Jésus déposa des mauvaises herbes devant un autel, et celles-ci fleurirent en de magnifiques poinsettias.  

Introduit aux États-Unis par le diplomate Joël Poinsett au 19e siècle, le poinsettia est devenu une décoration symbolique de Noël grâce à ses feuilles rouges vives, souvent associées à l'étoile de Bethléem.",,,,image,19
game,Êtes-vous incollable sur Noël ?,"Parmi ces noms, lequel n'est pas celui d'un renne du Père Noël ?","Danseuse,Cupidon,Nez Rouge,Tempête",Tempête,"Les rennes traditionnels du Père Noël sont probablement tous de sexe féminin. En effet les rennes mâles perdent leur bois durant la période hivernale.  

- Tornade : la plus rapide
- Danseuse : la plus gracieuse
- Fringante : la plus belle
- Furie : la plus puissante
- Tonnerre : la plus forte
- Comète : apporte le bonheur aux enfants
- Cupidon : amène l'amour aux enfants
- Éclair : apporte la lumière",quiz-noel,19
game,Êtes-vous incollable sur Noël ?,"D’où vient ""Santa Claus"", le nom anglais du père Noël aux États-Unis depuis le 19e siècle ?","Russie,Finlande,Hongrie,Hollande",Hollande,"Santa Claus provient de ""Sinter Klaas"", qui signifie Saint-Nicolas. Quand les Hollandais s’installèrent aux États-Unis, le père Noël devint Santa Claus.",quiz-noel,19
game,Êtes-vous incollable sur Noël ?,Lequel de ces adjectifs ne pourrait pas décrire la tenue du père Noël?,"Vermeille,Parme,Incarnate,Carmin",Parme,"Les adjectifs ""vermeille"", ""incarnate"" et ""carmin"" décrivent des teintes de rouge, qui est la couleur emblématique de la tenue du père Noël.  

En revanche, ""parme"" fait référence à une teinte de violet clair ou de lavande, qui ne correspond pas à la palette de couleurs habituellement associée à la tenue du père Noël.",quiz-noel,19
idea,Un mystère pour réfléchir en attendant les fêtes,[Le Noël d'Hercule Poirot](https://www.babelio.com/livres/Christie-Le-Nol-dHercule-Poirot/7001),"Pour la première fois depuis vingt ans, le vieux Simeon Lee a décidé de réunir tous ses enfants pour les fêtes de fin d'année. Mais le 24 décembre, on le trouve sauvagement assassiné dans sa chambre.  

Tout le monde, évidemment, détestait ce vieillard cynique : Alfred et sa femme pour la tyrannie qu'il exerçait sur leur couple, David pour les humiliations dont il a abreuvé sa mère, George pour la rente - trop parcimonieuse à son goût - qu'il lui sert, Harry, le fils prodigue, pour le mépris dans lequel il le tient.  

Et puis il y a ce mystérieux M. Farr qui vient d'Afrique du Sud. Et la jeune Pilar, la petite-fille espagnole, n'a-t-elle pas déclaré froidement que, si elle avait un ennemi, elle n'hésiterait pas à lui trancher la gorge ?  

Vraiment, le vieux Simeon n'aurait pas dû faire part devant tout le monde de son intention de modifier son testament, il n'aurait pas dû faire cette scène détestable à ses enfants réunis, il n'aurait peut-être pas dû faire devant Pilar étalage de ses diamants...",Agatha Christie,noel-hercule_ehj1rt,Un livre,19
quote,,"« Tu fais quoi pour Noël ?  

Je prends deux kilos. »",Anna Gavalda,"Ensemble, c’est tout",,,19
anecdote,Les chaussettes de Noël,"La tradition des chaussettes de Noël remonte à une légende associée à Saint Nicolas, le saint patron des enfants et des pauvres. Selon cette histoire, un noble ruiné avait trois filles qu'il ne pouvait pas marier, faute de dot. Saint Nicolas, en apprenant la détresse de cette famille, décida d'intervenir en secret. Une nuit, il glissa par la cheminée et laissa des pièces d’or dans les bas des filles, suspendus près du feu pour sécher. Le matin, les jeunes filles découvrirent les pièces d'or, leur permettant de se marier.  

Cette légende a évolué pour devenir la tradition moderne où les enfants suspendent des chaussettes près de la cheminée dans l’espoir que le Père Noël les remplisse de cadeaux ou de friandises durant la nuit de Noël.  

Dans certaines cultures, les chaussettes peuvent contenir des oranges, symboles d'or, en souvenir de la générosité de Saint Nicolas.",,,,image,20
game,Idée,Fais-moi un dessin de Noël,"But du jeu : réaliser le plus précisément possible un dessin à l’aveugle sur une assiette posée sur votre tête !

Matériel : une assiette en carton (ou une feuille posée sur un livre) et un feutre pour chaque joueur·euse. 

Instructions :  
Demandez aux participant·es de poser leur assiette sur leur tête puis donnez les instructions suivantes que tout le monde tente de dessiner sur son assiette :
- Tracez une ligne pour faire le sol
- Dessinez un sapin de Noël
- Ajoutez quelques boules de Noël
- Dessinez une étoile au-dessus de votre sapin
- Ajouter deux cadeaux sous le sapin
- Dessinez une cheminée à côté de l’arbre
- Ajoutez une chaussette sur la cheminée  

Une fois que tout le monde a fini de dessiner, demandez-leur de retirer les assiettes de leur tête et de regarder leur chef-d’oeuvre. Le système de points est :
- 1 point si l’étoile touche le sapin
- 1 point pour chaque boule qui touche le sapin
- 1 point si l’étoile est au-dessus du sapin
- 1 point si la cheminée ne touche pas le sapin
- 2 points si le sapin touche le sol
- 2 points si la chaussette touche la cheminée
- 2 points par cadeau sous le sapin

Voici en image ma réalisation de Noël dernier…
",,dessin-noel_avo7jc,jeu,20
idea,Moon milk,"Le moon milk est un lait végétal chaud infusé avec plein d’épices qui aide à passer ses meilleures nuits.  

Faites chauffer le lait végétal dans une casserole.  
Quand c’est bien chaud, ajoutez vos épices et mélangez bien pour éviter les grumeaux.  
Laissez ensuite réchauffer à feu moyen-doux pour bien infuser le lait.  

Retirer du feu, laissez un peu refroidir et ajoutez le miel ou le sirop d’érable.  
(Si vous ajoutez du miel, veillez à ce que ce ne soit pas trop chaud pour ne pas détruire ses propriétés).  

Versez dans un mug, buvez et jetez vous dans votre lit !","- 1 tasse de lait d’amande ou de lait de coco
- 1/2 c. à c. de cannelle en poudre (qui aide à digérer)
- 1/2 c. à c. de curcuma en poudre (anti-inflammatoire et aide précieuse pour digérer les graisses)
- 1/4 c. à c. d’ashwaganha (qui permet d’éviter de se réveiller en pleine nuit)
- une pincée de cardamome en poudre (qui régule la flore intestinale et donne bonne haleine)
- une pincée de noix de muscade en poudre (antibactérienne et anti-douleur)
- une pincée de poivre noir moulu (qui stimule la production d’endorphine)
- une ou deux c. à c. de miel ou de sirop d’érable",moon_milk_qsyhwa,Photo de [awv](https://unsplash.com/fr/@awv_?utm_content=creditCopyText&utm_medium=referral&utm_source=unsplash),Une recette,20
quote,,"Ce n'est pas seulement pour duper nos enfants que nous les entretenons dans la croyance au Père Noël: leur ferveur nous réchauffe, nous aide à nous tromper nous-mêmes.",Claude Lévi-Strauss,Tristes tropiques,,,20
anecdote,Le premier jour de l’hiver,"Le premier jour de l’hiver, aussi appelé solstice d’hiver, marque le jour le plus court de l'année et le début de la saison hivernale dans l'hémisphère nord. Il tombe généralement le 21 ou 22 décembre.  

À ce moment précis, l'axe de rotation de la Terre est incliné de telle sorte que l'hémisphère nord est au plus loin du Soleil, provoquant une durée minimale de lumière du jour. C’est le moment où le Soleil atteint son point le plus bas dans le ciel, par rapport à l’équateur céleste. Après ce jour, les jours commencent à rallonger jusqu'au solstice d’été.  

Bien que ce soit le jour le plus court, ce n'est pas forcément le jour le plus froid de l'année, car les températures continuent généralement à baisser pendant plusieurs semaines après le solstice en raison de l’inertie thermique de la Terre.",,,,image,21
game,À quel film de Noël appartient cette réplique ?,"« Que vois-je ? Que vois-je ?  
Du rouge, du bleu, du vert ?  
Que vois-je ?  
Des flocons blancs dans l’air ? »","L’Étrange Noël de Mr Jack,Klaus,Gremlins,Le Grinch",L’Étrange Noël de Mr Jack,lHRINe-u7Ss,quiz-citation,21
game,À quel film de Noël appartient cette réplique ?,"« Je ferai honneur à Noël dans mon coeur, et je tenterai de le célébrer toute l’année.&nbsp;»","Le drôle de Noël de Scrooge,Klaus,Le Grinch,The Holidays",Le drôle de Noël de Scrooge,PcNLFXSdO5A,quiz-citation,21
game,À quel film de Noël appartient cette réplique ?,« Il y a quelque chose de magique dans l'air pendant les vacances.&nbsp;»,"Maman j'ai raté l'avion !,The Holidays,Love Actually,La vie est belle",The Holidays,wk9caHO3pW0,quiz-citation,21
idea,Un conte de Noël moderne pour les romantiques invétérés,Dash & Lily,"Dash, un adolescent cynique, découvre un carnet mystérieux rempli de défis dans une librairie de New York pendant les fêtes. Lily, l'optimiste créatrice du carnet, cherche quelqu'un qui partage son amour de Noël.  

À travers des énigmes et des défis qu'ils se lancent par le biais du carnet, Dash et Lily apprennent à se connaître, découvrant peu à peu leurs personnalités opposées et ce qu'ils veulent vraiment.",Netflix,lpRY4vKvMZs,Une série,21
quote,,"A Noël, il est tout aussi important d'ouvrir notre coeur que d'ouvrir nos cadeaux.",Janice Maeditere,,,,21
anecdote,L’origine des crackers de Noël,"Les crackers de Noël, ces tubes en papier qui font un 'pop' lorsqu'on les ouvre, sont une invention anglaise du 19e siècle.  

Thomas J. Smith, un confiseur, cherchait à populariser ses bonbons en les emballant dans du papier festif.  

Inspiré par le bruit du bois qui craque dans la cheminée, il a eu l'idée d'ajouter un petit mécanisme explosif pour un effet surprise.",,,,image,22
game,Le pendu de Noël,"Noel,Decembre,Fete",,,,pendu,22
idea,Un classique pour (re)trouver l'esprit de Noël,[Un chant de Noël](https://www.babelio.com/livres/Dickens-Un-chant-de-Nol--Histoire-de-fantomes-pour-Nol/151041),"La veille de Noël, tout le monde s’affairent aux préparatifs. Mais, préférant la solitude à ces fêtes joyeuses, Ebenezer Scrooge refuse l’invitation de son neveu et s’enferme chez lui. Pour ce vieil homme avare et solitaire, que tous prennent soin d’éviter, Noël se résume à un simple mot : ""Sottise&nbsp;!"".  

Mais ce soir-là, les esprits de Noël en décident autrement. Entraîné tour à tour dans le passé, le présent et le futur, le vieux grincheux va recevoir une leçon de vie.",Charles Dickens,chant-noel_gamxa0,Un livre,22
quote,,"Noël est là,  
Ce joyeux Noël, des cadeaux plein les bras,  
Qui réchauffe nos coeurs et apporte la joie,  
Jour des plus beaux souvenirs,  
Plus beau jour de l'année.",Washington Irving,,,,22
anecdote,La nuit des radis au Mexique,"Si les fêtes de Noël en France sont souvent associées à une consommation accrue de chocolats, ce n’est pas le cas de la ville d’Oaxaca au Mexique.  

En effet, on y célèbre chaque 23 décembre La Noche de Rabanos (""La nuit des radis""), un festival au cours duquel les commerçants et les artisans vendent des radis finement sculptés pour représenter des scènes de la nativité, la faune et l’architecture locales, ainsi que d’autres représentations pertinentes.  

Les sculptures de radis sont vendues comme centres de table de Noël, et le créateur du meilleur dessin de radis gagne un prix en argent. Une tradition de Noël insolite, certes, mais garantie sans crise de foie.",,,,image,23
game,Une charade,"Pour fêter la nouvelle année on s’embrasse sous mon premier.  

Mon second est un préfixe qui indique la répétition.  

Mon troisième n’est pas rapide.  

Mon quatrième est le double de 1.",Guirlande,,gui-re-lent-deux,jeu,23
idea,Mojito à la canneberge,"Dans un verre, écrasez les feuilles de menthe avec le sucre.  

Ajoutez le rhum et le jus de canneberge.  

Complétez avec de l'eau gazeuse et remuez.  

Ajoutez des glaçons et décorez avec quelques canneberges fraîches.","- 50 ml de rhum blanc
- 50 ml de jus de canneberge
- 1 c. à s. de sucre
- Feuilles de menthe fraîche
- Eau gazeuse
- Canneberges fraîches pour la décoration",mojito_fgnrf2,Photo de [Evan Wise](https://unsplash.com/fr/@evanthewise?utm_content=creditCopyText&utm_medium=referral&utm_source=unsplash),Une recette,23
quote,,"Noël, c’est la veille, c’est l’attente.",Georges Dor,Après l'enfance,,,23
anecdote,L’origine de la chanson Douce Nuit,"""Douce Nuit"" (en allemand, ""Stille Nacht"") est l'un des chants de Noël les plus célèbres au monde. Il a été écrit en 1816 par le prêtre autrichien Joseph Mohr dans un petit village alpin appelé Mariapfarr, en Autriche. La mélodie, quant à elle, a été composée deux ans plus tard en 1818 par l'organiste et instituteur Franz Xaver Gruber, dans l'église de Saint-Nicolas à Oberndorf, près de Salzbourg.  

Selon la légende, l'orgue de l'église d'Oberndorf était endommagé juste avant Noël 1818, ce qui a conduit Mohr à demander à Gruber de composer une musique simple pouvant être accompagnée à la guitare. Le 24 décembre 1818, le duo a interprété pour la première fois ""Stille Nacht"" lors de la messe de minuit.  

Cette chanson, à la fois douce et simple, a rapidement gagné en popularité à travers l'Europe, puis dans le monde entier. La version française, ""Douce Nuit"", est l'une des nombreuses traductions, et la chanson est devenue un incontournable des célébrations de Noël, véhiculant un message de paix et de tranquillité.",,UHWymQxzCIQ,z0vjxfsUmSg,image,24
game,Idée,Le jeu de la chaussette de Noël,"Le but du jeu ? Deviner ce qui se cache à l'intérieur de la chaussette de Noël.

Avant de commencer, vous l'aurez remplie avec une dizaine de petits objets et friandises, comme une boule de Noël, un sucre d'orge, une branche de sapin, etc.. Les participant·es devront ensuite deviner son contenu en touchant chacun des objets ou, pour plus de difficulté, en les tâtant à travers la chaussette.  

Chaque participant·e à 1 minute pour trouver le plus d'objet et chaque objet trouvé rapporte un point.",,,jeu,24
idea,Des films d'animation pour petits et grands,Les cinq légendes,"Les Gardiens (Le Père Noël, le Lapin de Pâques, la Fée des Dents et le Marchand de Sable) protègent les espoirs et les rêves des enfants du monde. Quand Pitch Black, l'incarnation des cauchemars, menace de répandre la peur, un nouveau Gardien est choisi : Jack Frost. Au départ réticent, Jack finit par comprendre son rôle crucial dans la lutte contre Pitch, tout en découvrant sa propre identité et son importance pour les enfants.",,fVlx5D3x_5o,Des films,24
idea,Des films d'animation pour petits et grands,Klaus,"Dans cette réinterprétation des origines du Père Noël, Jesper, un facteur égoïste, est envoyé dans une île isolée où il découvre une ville en proie aux conflits.  Il y rencontre Klaus, un menuisier solitaire qui fabrique des jouets. Ensemble, ils décident de distribuer les jouets aux enfants de la ville, créant ainsi une légende et réconciliant peu à peu la population.",,h5gR4vUb2rA,Des films,24
idea,Des films d'animation pour petits et grands,Le Pôle Express,"Un jeune garçon, doutant de l'existence du Père Noël, embarque dans un mystérieux train, le Pôle Express, qui l’emmène au pôle Nord. Au cours de ce voyage magique, il va rencontrer d'autres enfants et vivre des aventures extraordinaires qui l'aideront à retrouver sa foi en Noël.",,XEcge1O-YYw,Des films,24
idea,Des films d'animation pour petits et grands,Le Grinch,"Dans la ville joyeuse de Whoville, le Grinch, une créature solitaire et malveillante, déteste Noël et les festivités bruyantes qui l'accompagnent. Décidé à ruiner les fêtes des Whos, il élabore un plan pour voler tous les cadeaux, décorations et nourriture pendant la nuit de Noël. Mais c'était sans compter sur une petite fille nommée Cindy Lou, qui va toucher son coeur et lui faire redécouvrir l'esprit de Noël.",,uSmnMc8zawg,Des films,24
quote,,C'est Noël : Il est grand temps de rallumer les étoiles…,Guillaume Apollinaire,,,,24